imagename#name#imagedescription
adhish.jpg#Adhish Singla#B.Tech.Hons.+MS
akshaj.jpg#Akshaj Gupta#B.Tech.Hons.+MS
amal.jpg#Amal Santosh#B.Tech.Hons.
anish.jpg#Anish Gulati#B.Tech.Hons.+MS
geetika.jpg#Geetika G#B.Tech.Hons.
karthik.jpg#Karthik Ganti#B.Tech.Hons.
khandelwal.jpg#Shashwat Khandelwal#B.Tech.Hons.+MS
kunal.jpg#Kunal Garg#B.Tech.Hons.
macharla.jpg#Sreevatsav#B.Tech.Hons.
manish.jpg#Manish G#B.Tech.Hons.
praneeth.jpg#Praneeth#B.Tech.Hons.
pratik.jpg#Pratik Jain#B.Tech.Hons.
shrenik.jpg#Shrenik Jain#B.Tech.Hons.+MS
srivatsava.jpg#Shashwat Srivastava#B.Tech.Hons.+MS
sukumar.jpg#Sai Sukumar#B.Tech.Hons.
vinamra.jpg#Vinamra Banera#B.Tech.Hons.+MS
vishalburri.jpg#Vishal Reddy Burri#B.Tech.Hons.
yash.jpg#Yash Khandelwal#B.Tech.Hons.+MS
ziaul.jpg#Ziaul Choudhury#Ph.D.
soumitra_ghosh_phd.jpeg#Soumitra Ghosh#Ph.D.
